[
    {
        "stylers": [
            {
                "visibility": "off"
            }
        ]
    },
    {
        "featureType": "poi",
        "stylers": [
            {
                "visibility": "off"
            }
        ]
    },
    {
        "featureType": "poi.park",
        "stylers": [
            {
                "visibility": "on"
            }
        ]
    },
    {
        "featureType": "water",
        "stylers": [
            {
                "visibility": "on"
            }
        ]
    },
    {
        "featureType": "transit",
        "stylers": [
            {
                "visibility": "on"
            }
        ]
    },
    {
        "featureType": "landscape",
        "stylers": [
            {
                "visibility": "on"
            }
        ]
    },
    {
        "featureType": "road",
        "stylers": [
            {
                "visibility": "on"
            }
        ]
    },
    {
        "featureType": "administrative",
        "stylers": [
            {
                "visibility": "on"
            }
        ]
    }
]
